<?xml version="1.0" encoding="utf-8"?>
<project>
	<macrodef name="mqsiapplybaroverride">
		<!--attribute name="toolkitHome"/-->
		<attribute name="barFile"/>
		<attribute name="propFile"/>
		<attribute name="workspace"/>
		<attribute name="applications"/>
		<sequential>			
			<echo message="Tuning the bar file @{barFile} with properties @{propFile} for applications: @{applications}" />			
			<exec executable="${brokerHome}/server/bin/mqsiprofile.cmd" spawn="false" failonerror="true">			
				<arg value="&amp;"/> 
				<arg value="mqsiapplybaroverride.bat" />					
				<arg value="-b" />
				<arg value="@{barFile}" />
				<arg value="-k" />
				<arg value="@{applications}" />
				<arg value="-p" />
				<arg value="@{propFile}" />
				<arg value="-v" />
				<arg value="@{barFile}.config.trace" />
			</exec>
		</sequential>
	</macrodef>
</project>