<?xml version="1.0"?>
<project name="project" basedir="." default="run">

	<import file="./antlib/antcontrib.xml"/>
	<import file="./antlib/mqsicreatebar.xml"/>
	<import file="./antlib/mqsiapplybaroverride.xml"/>
	<import file="./antlib/mqsideploy.xml"/>
	<import file="./antlib/mqsichangeflowmonitoring.xml"/>

	<property environment="env"/>
	<property file="buildPROD.properties"/>
	<property file="E:/Jenkins/IIB/PreProd/environment.properties"/>
	<target name="properties" description="loads initial property list">
		<property name="mqsicreatebar.deployAsSource" value="true"/>
		<property name="mqsicreatebar.clean" value="false"/>
		<property name="mqsicreatebar.deployAsSource" value="false"/>
		<property name="workspaceDir" value="${rootDir}"/>
		<property name="releaseBaseDir" value="${rootDir}/release"/>
		<property name="releaseDir" value="${releaseBaseDir}/${build.version}"/>
		<property name="targetDir" value="${releaseDir}/deploy"/>
		<property name="scriptsSourceDir" value="${workspaceDir}/_scripts/${build.version}"/>
		<property name="scriptsTargetDir" value="${releaseDir}/scripts"/>
		<property name="docsSourceDir" value="${workspaceDir}/_docs/${build.version}"/>
		<property name="docsTargetDir" value="${releaseDir}/docs"/>
		<property name="buildSourceDir" value="${workspaceDir}/_build/${build.version}"/>
		<property name="buildTargetDir" value="${releaseDir}/build"/>
		<property name="srcTargetDir" value="${releaseDir}/buildsrc"/>
	</target>

	<target name="clean">
		<delete dir="${releaseDir}"/>
		<delete dir="${workspaceDir}/.metadata"/>
	</target>

	<target name="init" depends="properties" description="performs project initializations">

		<tstamp>
			<format property="build.timestamp" pattern="dd.MM.yyyy HH:mm:ss.SSS"/>
		</tstamp>
		<available property="workspace.exists" file="${build.script.dir}" type="dir"/>

		<propertyregex property="build.version"
                       input="${build.release}"
                       regexp="[A-Z]+-((D|SP|P)-[0-9]+\.[0-9])+\.[0-9]+"
                       select="\1"
                       casesensitive="false"/>

		<propertyregex property="build.qualifier"
                       input="${build.release}"
                       regexp="[A-Z]+-((D|SP|P)-[0-9]+\.[0-9])+\.[0-9]+"
                       select="\2"
                       casesensitive="false"/>
		
		<echo>Building "${workspaceDir}" workspace version ${build.version} at ${build.timestamp}...</echo>

	</target>
	
	<target name="createbar" depends="init, clean" description="creates bars">
		<echo message="Building barfiles: ${targetBars}" level="info"/>
		<for param="bar" list="${targetBars}" delimiter="," parallel="${build.mqsicreatebar.parallel}" keepgoing="true">
			<sequential>
				<property name="bar.@{bar}.file" location="${targetDir}/@{bar}.bar"/>
				<property name="bar.@{bar}.manifest.file" location="${targetDir}/@{bar}_mf.bar"/>
				<if>
					<available file="${bar.@{bar}.file}"/>
					<then>
						<echo message="BAR file &quot;${bar.@{bar}.file}&quot; already exists. Skipping BAR file compilation..." level="info"/>
					</then>
					<else>
						<mqsicreatebar barFile="${bar.@{bar}.file}"
                                       workspace="${workspaceDir}"
                                       clean="${mqsicreatebar.clean}"
                                       deployAsSource="${mqsicreatebar.deployAsSource}"
                                       applications="${bar.@{bar}.applications}"
                                       />
					</else>
				</if>
			</sequential>
		</for>
	</target>
	
	<target name="manifest" depends="createbar">
        <for param="bar" list="${targetBars}" delimiter="," parallel="${build.manifest.parallel}" keepgoing="true">
            <sequential>
                <if>
                    <available file="${bar.@{bar}.manifest.file}"/>
                    <then>
                        <echo level="info" message="Manifest BAR file already exists: ${bar.@{bar}.manifest.file}. Skipping..."/>
                    </then>
                    <else>
                        <echo level="info" message="Adding Manifest for BAR file &quot;${bar.@{bar}.file}&quot; and copying target file to &quot;${bar.@{bar}.manifest.file}&quot;..."/>
                        <jar destfile="${bar.@{bar}.manifest.file}">
                            <zipfileset src="${bar.@{bar}.file}">
                                <exclude name="META-INF/MANIFEST.MF"/>
                            </zipfileset>
                            <manifest>
                                <attribute name="Build-Date" value="${build.timestamp}"/>
                            </manifest>
                            <manifest>
                                <attribute name="Build-Version" value="${build.version}"/>
                            </manifest>
                            <manifest>
                                <attribute name="SVN-Revision" value="${build.revision}"/>
                            </manifest>
                        </jar>
                        <delete file="${bar.@{bar}.file}"/>
                        <move file="${bar.@{bar}.manifest.file}" tofile="${bar.@{bar}.file}"/>
                    </else>
                </if>
            </sequential>
        </for>
    </target>

	<target name="prepareScripts" depends="properties" description="" >
		<echo message="Copy scripts to ${releaseDir}" level="info"/>
		<mkdir dir="${scriptsTargetDir}"/>
		<copy todir="${scriptsTargetDir}" overwrite="true">
			<fileset dir="${scriptsSourceDir}" />
		</copy>
		<propertyselector property="list.replace" match="replace\.([^\.]*)" distinct="true" select="\1" />
		<for list="${list.replace}" param="replace" delimiter=",">
			<sequential>
				<echo message="@{replace} : ${replace.@{replace}}" level="info"/>
				<replace dir="${scriptsTargetDir}" value="${replace.@{replace}}" >
				<replacetoken><![CDATA[${@{replace}}]]></replacetoken>
				</replace>
			</sequential>
		</for>
		<propertyselector property="list.replacebarname" match="bar\.([^\.]*)\.([^\.]*)" distinct="true" select="\1" />
		<for list="${list.replacebarname}" param="bar" delimiter=",">
			<sequential>
				<echo message="bar.@{bar}.name : @{bar}" level="info"/>
				<replace dir="${scriptsTargetDir}" value="@{bar}" >
				<replacetoken><![CDATA[${bar.@{bar}.name}]]></replacetoken>
				</replace>
			</sequential>
		</for>
		<propertyselector property="list.replacebar" match="bar\.(([^\.]*)\.([^\.]*))" distinct="true" select="\1" />
		<for list="${list.replacebar}" param="bar" delimiter=",">
			<sequential>
				<echo message="bar.@{bar} : ${bar.@{bar}}" level="info"/>
				<replace dir="${scriptsTargetDir}" value="${bar.@{bar}}" >
				<replacetoken><![CDATA[${bar.@{bar}}]]></replacetoken>
				</replace>
			</sequential>
		</for>
	</target>
		
	<target name="copyBuild" depends="properties" description="Copy build scripts to release" >
		<echo message="Copy build scripts to ${releaseDir}" level="info"/>
		<mkdir dir="${buildTargetDir}"/>
		<copy todir="${buildTargetDir}" overwrite="true">
			<fileset dir="${buildSourceDir}" />
		</copy>
	</target>
	
	<target name="prepareSources" depends="properties" description="Copy package sources" >
		<echo message="Copy build scripts to ${releaseDir}" level="info"/>
		<mkdir dir="${srcTargetDir}"/>
		<zip destfile="${srcTargetDir}/sources.zip">
			<zipfileset dir="${workspaceDir}" includes="${srcFolders}" />
		</zip>
	</target>		

	<target name="pkg" depends="manifest,prepareScripts,copyBuild,prepareSources" description="prepare release" >
		
	</target>
	
			
	<target name="configbar" depends="pkg" description="config bars">
		<if>
			<isset property="propertyFile"/>
			<then>
				<echo message="Config barfiles: ${targetBars}" level="info"/>
				<for param="bar" list="${targetBars}" delimiter="," parallel="${build.mqsiconfigbar.parallel}" keepgoing="true">
					<sequential>
						<property name="prop.file" location="${scriptsSourceDir}/${propertyFile}"/>
						<if>
							<available file="${bar.@{bar}.file}"/>
							<then>
								<mqsiapplybaroverride
								   barFile="${bar.@{bar}.file}"
		                           workspace="${workspaceDir}"
								   propFile="${prop.file}"
		                           applications="${bar.@{bar}.applications}"
		                           />
							</then>
							<else>
								<echo message="BAR file &quot;${bar.@{bar}.file}&quot; doesn't exists. Skipping BAR file configuration..." level="info"/>							
							</else>
						</if>
					</sequential>
				</for>
			</then>
			<else>
				<echo message="An option propFile doesn't set. Skipping BAR file configuration..." level="info"/>							
			</else>
		</if>				
	</target>

	
	<target name="setBN" depends="pkg,configbar" description="rename by BUILD_NUMBER">
		<echo message="Rename result files with ${env.BUILD_NUMBER}" level="info"/>
		<for param="bar" list="${targetBars}" delimiter=",">
			<sequential>
				<move file="${targetDir}/@{bar}.bar" tofile="${targetDir}/@{bar}_v.${env.BUILD_NUMBER}.bar"/>
				<property name="bar.@{bar}.rnfile" location="${targetDir}/@{bar}_v.${env.BUILD_NUMBER}.bar"/>
			</sequential>
        </for>
	</target>
	
	<target name="deploybar" depends="pkg,configbar,setBN,configbar" description="deploy bars">
		<if>
			<and>
				<isset property="deployHost"/>
				<isset property="deployPort"/>
				<isset property="brokerName"/>
			</and>
			<then>
				<echo message="Deploy barfiles: ${targetBars}" level="info"/>
				<for param="bar" list="${targetBars}" delimiter="," parallel="${build.mqsideploybar.parallel}" keepgoing="true">
					<sequential>
						<if>
							<available file="${bar.@{bar}.rnfile}"/>
							<then>
								<echo message="deploy ${bar.@{bar}.rnfile} to ${bar.@{bar}.execGroup} at ${deployHost}:${deployPort}@${brokerName}." level="info"/>
								<mqsideploy
								   barFile="${bar.@{bar}.rnfile}"
								   exGroup="${bar.@{bar}.execGroup}"
								   brokerName="${brokerName}"
								   host="${deployHost}"
								   port="${deployPort}"
		                           />
							</then>
							<else>
								<echo message="BAR file &quot;${bar.@{bar}.rnfile}&quot; doesn't exists. Skipping BAR file deploy..." level="info"/>							
							</else>
						</if>
					</sequential>
				</for>
			</then>
			<else>
				<echo message="Options for deploy doesn't set. Skipping BAR file deploy..." level="info"/>							
			</else>
		</if>
	</target>
	
	<target name="arch" depends="pkg,setBN,configbar" description="archive artifacts">
		<echo message="Add result files to archive" level="info"/>
		<zip destfile="${workspaceDir}/${env.JOB_NAME}_v.${env.BUILD_NUMBER}.zip" basedir="${releaseDir}"/>
	</target>
	
	<target name="monitoring" depends="deploybar" description="enable monitoring">
		<for param="bar" list="${targetBars}" delimiter=",">
			<sequential>
				<if>
					<isset property="brokerName"/>
					<then>
						<if>
							<equals arg1="${bar.@{bar}.execGroup}" arg2="srvlog" />
							<then>
								<echo message="Enable monitoring to execution group ${bar.@{bar}.execGroup} skipped" level="info"/>
							</then>
							<else>
								<echo message="Enable monitoring to execution group ${bar.@{bar}.execGroup} Application ${bar.@{bar}.applications}" level="info"/>
								<mqsichangeflowmonitoring
									broker="${brokerName}"
									execgroup="${bar.@{bar}.execGroup}"
									appName="${bar.@{bar}.applications}"
									/>
							</else>
						</if>
					</then>
					<else>
						<echo message="Options for enable monitoring doesn't set. Skipping enable monitoring..." level="info"/>
					</else>
				</if>
			</sequential>
		</for>
	</target>

	<target name="run" depends="pkg" description="entry point" />
	
	<target name="runFromJenkins" depends="pkg,setBN,configbar,deploybar,arch,monitoring" description="entry point for Jenkins" />
</project>