<?xml version="1.0" encoding="utf-8"?>
<project>
	<macrodef name="mqsideploy">
		<!--attribute name="toolkitHome"/-->
		<attribute name="barFile"/>
		<attribute name="exGroup"/>
		<!--<attribute name="qManager"/> -->
		<attribute name="brokerName"/>
		<attribute name="host"/>
		<attribute name="port"/>
		<attribute name="timeout" default="600"/>

		<sequential>			
			<exec executable="./antlib/mqsideploywithenv.bat" spawn="false" failonerror="true">
				<arg value="&quot;${brokerHome}/server/bin/mqsiprofile&quot;" />
				<arg value="@{brokerName}"/>				
				<arg value="@{host}"/>
				<arg value="@{port}"/>				
				<arg value="@{exGroup}"/>
				<arg value="@{barFile}"/>
				<arg value="@{timeout}"/>
				<!--<arg value="@{barFile}.deploy.trace" /> -->
			</exec>
		</sequential>
	</macrodef>
</project>