<?xml version="1.0" encoding="utf-8"?>
<project>
	<macrodef name="mqsicreatebar">
		<!--attribute name="toolkitHome"/-->
		<attribute name="barFile"/>
		<attribute name="workspace"/>
		<attribute name="applications"/>
		<attribute name="clean" default="false"/>
		<attribute name="version" default=""/>
		<attribute name="deployAsSource" default="true"/>

		<sequential>

			<local name="param.clean"/>
			<local name="param.version"/>
			<local name="param.deployAsSource"/>

			<condition property="param.clean" value="-cleanBuild" else="">
				<istrue value="@{clean}"/>
			</condition>
			<condition property="param.version" value="-version @{version}" else="">
				<length string="@{version}" when="greater" length="0"/>
			</condition>
			<condition property="param.deployAsSource" value="-deployAsSource" else="">
				<istrue value="@{deployAsSource}"/>
			</condition>

			<echo message="Building the WMB bar file @{barFile} for applications: @{applications}" />

			<exec executable="${toolkitHome}/mqsicreatebar" spawn="false" failonerror="true">
				<arg value="-data" />
				<arg value="@{workspace}" />
				<arg value="-b" />
				<arg value="@{barFile}" />
				<arg value="-a" />
				<arg value="@{applications}" />
				<arg line="${param.clean}"/>
				<arg line="${param.version}"/>
				<arg line="${param.deployAsSource}"/>
				<arg value="-trace" />
				<arg value="-v" />
				<arg value="@{barFile}.trace" />
			</exec>
		</sequential>
	</macrodef>
</project>