<?xml version="1.0" encoding="utf-8"?>
<project>
	<macrodef name="mqsichangeflowmonitoring">
		<attribute name="broker"/>
		<attribute name="execGroup"/>
		<attribute name="appName"/>
		<sequential>
			<sshexec host="${monitorHost}"
				username="${SSHUserName}"
				password="${SSHPassword}"
				port="${SSHPort}"
				command="/bin/bash -l -c &quot;mqsichangeflowmonitoring @{broker} -c active -e @{execGroup} -k @{appName} -j&quot;"
				trust="true">
			</sshexec>
		</sequential>
	</macrodef>
</project>